{
  "schemaVersion": "1.0",
  "name": "sponza",
  "entities": [
    {
      "name": "SpotLight",
      "components": [
        {
          "type": "transform",
          "position": [-7.0, 1.0, 0.0],
          "rotation": [
            -179.99993896484376, -89.99999237060547, -179.99993896484376
          ],
          "scale": [1.0, 1.0, 1.0]
        },
        {
          "type": "light",
          "color": [1.0, 1.0, 1.0],
          "intensity": 10.100000381469727
        },
        {
          "type": "spotLight",
          "range": 10.0,
          "innerConeAngle": 15.0,
          "outerConeAngle": 30.0
        }
      ]
    },
    {
      "name": "MainCamera",
      "components": [
        {
          "type": "transform",
          "position": [
            6.601395130157471, 5.471543788909912, -0.023198187351226808
          ],
          "rotation": [24.499406814575197, -85.81026458740235, 0.0],
          "scale": [1.0, 1.0, 1.0]
        },
        {
          "type": "camera",
          "cameraType": "perspective",
          "fov": 1.0471975803375245,
          "near": 0.009999999776482582,
          "far": 1000.0,
          "width": 1426.0,
          "height": 1027.0
        },
        {
          "type": "movement"
        }
      ]
    },
    {
      "name": "Model_Sponza.gltf",
      "components": [
        {
          "type": "transform",
          "position": [0.0, 0.0, 0.0],
          "rotation": [0.0, 0.0, 0.0],
          "scale": [1.0, 1.0, 1.0]
        },
        {
          "type": "model",
          "path": "assets/models/gltf/2.0/Sponza\\glTF\\Sponza.gltf"
        }
      ]
    },
    {
      "name": "PointLight",
      "components": [
        {
          "type": "transform",
          "position": [1.0, 3.5, 0.30000001192092898],
          "rotation": [0.0, 0.0, 0.0],
          "scale": [1.0, 1.0, 1.0]
        },
        {
          "type": "light",
          "color": [1.0, 1.0, 1.0],
          "intensity": 10.5
        },
        {
          "type": "pointLight",
          "range": 10.0
        }
      ]
    }
  ]
}
